[
    {
        "qs": "1. Which of the following instruments is suitable for making the most accurate measurement of the internal diameter of a test tube?",
        "opts": {
            "q0": "A. metre rule",
            "q1": "B. A pair of callipers",
            "q2": "C. A micrometer screw gauge",
            "q3": "D. A tape rule",
            "q4": "E. A set square"
        },
        "ans": "B",
        "sel": ""
    },
    {
        "qs": "2. A particle of mass 2.5 x 10<sup>-6</sup>kg revolving around the earth has a radial acceleration of 4 x 10<sup>7</sup>m/s<sup>2</sup>. What is the centripetal force of the particles?",
        "opts": {
            "q0": "A. 6.25 x 10<sup>-14</sup>N",
            "q1": "B. 1.60 x 10<sup>-13</sup>N",
            "q2": "C. 1.00 x 10<sup>2</sup>N",
            "q3": "D. 1.00 x 10<sup>2</sup>N",
            "q4": "E. 2.00 x 10<sup>2</sup>N"
        },
        "ans": "D",
        "sel": ""
    },
    {
        "qs": "3. An oscillating pendulum has a velocity of 2 m/s at the equilibrium position O and velocity at same point P. Using the diagram above, calculate the height h of P above O. (Take g = 10 m/s<sup>2</sup>) <br><img src='assets/imgs/physics/phys_1990_sectionb_qst3_1.jpg'>",
        "opts": {
            "q0": "A. 5.0 m",
            "q1": "B. 2.0 m",
            "q2": "C. 0.4 m",
            "q3": "D. 0.2 m",
            "q4": "E. 0.1 m"
        },
        "ans": "D",
        "sel": ""
    },
    {
        "qs": "4. Which of the following are contact forces? I, Force of tension II. Force of friction, II, Magnetic force IV, Force of reaction.",
        "opts": {
            "q0": "A. I, II and III only",
            "q1": "B. I, II and IV only",
            "q2": "C. I, III and IV only",
            "q3": "D. II, III and IV only",
            "q4": "E. I and IV only"
        },
        "ans": "B",
        "sel": ""
    },
    {
        "qs": "5. A plane inclined at an angle at 30° to the horizontal has an efficiency of 50%. The force parallel to the plane required to push a load of 120 N uniformly up the plane is",
        "opts": {
            "q0": "A. 40(3&radic;2) N",
            "q1": "B. 60 N",
            "q2": "C. 120 N",
            "q3": "D. 200 N",
            "q4": "E. 240 N"
        },
        "ans": "C",
        "sel": ""
    },
    {
        "qs": "6. The diagram represents a portion of a micrometer screw gauge. What is its reading? <br><img src='assets/imgs/physics/phys_1990_sectionb_qst6_1.jpg'>",
        "opts": {
            "q0": "A. 3.70 mm",
            "q1": "B. 3.67 mm",
            "q2": "C. 3.50 mm",
            "q3": "D. 3.33 mm",
            "q4": "E. 3.17 mm"
        },
        "ans": "E",
        "sel": ""
    },
    {
        "qs": "7. A girl whose mass is 55kg stands on a spring - weighing machine inside a lift. When the lift starts to ascend, its acceleration is 2 ms<sup>-2</sup>. What will be the reading on the machine? (Take g =  ms<sup>-2</sup>)",
        "opts": {
            "q0": "A. 66 kg",
            "q1": "B. 55 kg",
            "q2": "C. 44 kg",
            "q3": "D. 22 kg",
            "q4": "E. 11 kg"
        },
        "ans": "A",
        "sel": ""
    },
    {
        "qs": "8. Two forces each of 4 N act on the opposite sides of a rectangular plate as shown in the diagram. Calculate the magnitude of the couple acting on the plate. <br><img src='assets/imgs/physics/phys_1990_sectionb_qst8_1.jpg'>",
        "opts": {
            "q0": "A. 6.4 Nm",
            "q1": "B. 3.2 Nm",
            "q2": "C. 1.6 Nm",
            "q3": "D. 0.8 Nm",
            "q4": "E. 0.0 Nm"
        },
        "ans": "C",
        "sel": ""
    },
    {
        "qs": "9. A force F is applied to a body P as shown in the diagram above. If the body P moves through a distance r, which of the following represents the work done? <br><img src='assets/imgs/physics/phys_1990_sectionb_qst9_1.jpg'>",
        "opts": {
            "q0": "A. Fx",
            "q1": "B. F (<sup>cos&theta;</sup>/<sub>x</sub>)",
            "q2": "C. Fx tan&theta;",
            "q3": "D. Fx sin&theta;",
            "q4": "E. Fx cos&theta;"
        },
        "ans": "E",
        "sel": ""
    },
    {
        "qs": "10. An object R leaves a platform XY with a horizontal velocity of 7m<sup>-1</sup> and lands at Q. If it takes the same object 0.3s to fall freely from Y to P, calculate the distance PQ (Take g = 10 ms<sup>-2</sup>) <br><img src='assets/imgs/physics/phys_1990_sectionb_qst10_1.jpg'>",
        "opts": {
            "q0": "A. 7.30 m",
            "q1": "B. 2.55 m",
            "q2": "C. 2.10 m",
            "q3": "D. 1.65 m",
            "q4": "E. 0.45 m"
        },
        "ans": "C",
        "sel": ""
    },
    {
        "qs": "11. A simple pendulum makes 50 oscillations in one minute. What is its period of oscillation?",
        "opts": {
            "q0": "A. 0.02 s",
            "q1": "B. 0.20 s",
            "q2": "C. 0.83 s",
            "q3": "D. 1.20 s",
            "q4": "E. 50.00 s"
        },
        "ans": "D",
        "sel": ""
    },
    {
        "qs": "12. The body P shown in the diagram is in equilibrium. If the mass of the body is 10kg, calculate the tension T in the string. (Take g = 10 ms<sup>-2</sup>) <br><img src='assets/imgs/physics/phys_1990_sectionb_qst12_1.jpg'>",
        "opts": {
            "q0": "A. 20/(3&radic;2) N",
            "q1": "B. 20 N",
            "q2": "C. 50 N",
            "q3": "D. 200/(3&radic;2) N",
            "q4": "E. 200 N"
        },
        "ans": "E",
        "sel": ""
    },
    {
        "qs": "13. An object weighs 10.0 N in air and 7.0 N in water. What is its weight when immersed in a liquid of relative density 1.5?",
        "opts": {
            "q0": "A. 4.50 N",
            "q1": "B. 4.67 N",
            "q2": "C. 5.50 N",
            "q3": "D. 6.67 N",
            "q4": "E. 8.50 N"
        },
        "ans": "C",
        "sel": ""
    },
    {
        "qs": "14. The absolute zero temperature is defined as the temperature at which",
        "opts": {
            "q0": "A. thermal motion ceases",
            "q1": "B. the temperature of a gas is 273 °C",
            "q2": "C. ice melts",
            "q3": "D. the volume of a real gas is maximum",
            "q4": "E. the pressure of a real gas is maximum"
        },
        "ans": "A",
        "sel": ""
    },
    {
        "qs": "15. A cube made of a metal of linear expansivity is warmed through a temperature oft. If the initial volume of the cube is V, what is the increase in volume of the cube?",
        "opts": {
            "q0": "A. <sup>1</sup>/<sub>3&alpha;</sub> Vt",
            "q1": "B. <sup>1</sup>/<sub>2&alpha;</sub> Vt",
            "q2": "C. &alpha; Vt",
            "q3": "D. 2&alpha; Vt",
            "q4": "E. 3&alpha; Vt"
        },
        "ans": "E",
        "sel": ""
    },
    {
        "qs": "16. Dry hydrogen is trapped by pellet of mercury in a uniform capillary tube closed at one end. If the length of the column of hydrogen at 27°C is 1.0m, at what temperature will the length be 1.20m?",
        "opts": {
            "q0": "A. 22.5 °C",
            "q1": "B. 32.4 °C",
            "q2": "C. 77.0 °C",
            "q3": "D. 87.0 °C",
            "q4": "E. 360.0 °C"
        },
        "ans": "D",
        "sel": ""
    },
    {
        "qs": "17. Two solids P and Q of equal mass are heated to the same temperature and dropped simultaneously into two identical containers X and Y containing equal volumes of water at room temperature. The temperature of X will rise higher than that of Y only if the",
        "opts": {
            "q0": "A. volume of P is greater than that of Q",
            "q1": "B. specific heat capacity of P is higher than that of Q",
            "q2": "C. density of P is greater than that of Q",
            "q3": "D. density of P is lower than that of Q",
            "q4": "E. specific heat capacity of P is lower than that of Q"
        },
        "ans": "B",
        "sel": ""
    },
    {
        "qs": "18. If the temperature of a small quantity of water in a closed container is gradually increased from 0° to 40°C then the density of the water within this range",
        "opts": {
            "q0": "A. increases for a while and then decreases",
            "q1": "B. decreases for a while and then increases",
            "q2": "C. increases gradually",
            "q3": "D. decreases gradually",
            "q4": "E. remains the same"
        },
        "ans": "C",
        "sel": ""
    },
    {
        "qs": "19. How much heat is given out when a piece of iron of mass 50g and specific heat capacity 460 Jkg<sup>-1</sup>k<sup>-1</sup> cools from 85°C to 25°C?",
        "opts": {
            "q0": "A. 1.38 x10<sup>8</sup> J",
            "q1": "B. 2.53 x 10<sup>4</sup> J",
            "q2": "C. 7.66x10<sup>3</sup> J",
            "q3": "D. 1.38 x 10<sup>3</sup> J",
            "q4": "E. 1.27 x 10<sup>3</sup> J"
        },
        "ans": "D",
        "sel": ""
    },
    {
        "qs": "20. Heat transfer by convection in a liquid is due to the",
        "opts": {
            "q0": "A. translatory motion of the molecules of the liquid",
            "q1": "B. increased vibration of the molecules of the liquid about their mean positions",
            "q2": "C. expansion of the liquid as it is heated",
            "q3": "D. latent heat of vaporization of the liquid",
            "q4": "E. ability of the liquid to evaporate at all temperatures"
        },
        "ans": "A",
        "sel": ""
    },
    {
        "qs": "21. Which of the following is not a suitable method for reducing loss of heat from a piece of hot iron?",
        "opts": {
            "q0": "A. Wrapping it in cotton wool",
            "q1": "B. painting it black",
            "q2": "C. Placing it in a vacuum",
            "q3": "D. Placing it on rubber supports",
            "q4": "E. Keeping it in a closed wooden box"
        },
        "ans": "B",
        "sel": ""
    },
    {
        "qs": "22. When the direction of vibration of the particles of a medium is perpendicular to the direction of travel of a wave the wave transmitted is known as",
        "opts": {
            "q0": "A. sound wave",
            "q1": "B. transverse wave",
            "q2": "C. longitudinal wave",
            "q3": "D. stationary wave",
            "q4": "E. mechanical wave"
        },
        "ans": "B",
        "sel": ""
    },
    {
        "qs": "23. A bat emits a sound wave at a speed of 1650.0 m/s and receives the echoes 0.15s later. Calculate the distance of the bat from the reflector",
        "opts": {
            "q0": "A. 8.75 m",
            "q1": "B. 16.50 m",
            "q2": "C. 87.75 m",
            "q3": "D. 123.75 m",
            "q4": "E. 330.00 m"
        },
        "ans": "D",
        "sel": ""
    },
    {
        "qs": "24. A tuning fork sounds louder when its stem is pressed against a table top than when held in air because",
        "opts": {
            "q0": "A. a larger mass of air is set vibrating by the table top",
            "q1": "B. the whole table vibrates in resonance",
            "q2": "C. the whole table has acquired a larger frequency",
            "q3": "D. the fork and table have the same frequency",
            "q4": "E. the amplitude of the vibrating fork is increased"
        },
        "ans": "C",
        "sel": ""
    },
    {
        "qs": "25. Which of the following is/are characteristics of sound? I Pitch II. Loudness III. Quality IV Noise",
        "opts": {
            "q0": "A. I only",
            "q1": "B. II only",
            "q2": "C. I and II only",
            "q3": "D. I, II and III only",
            "q4": "E. I, II III and IV"
        },
        "ans": "D",
        "sel": ""
    },
    {
        "qs": "26. The diagram above represents part of a wave motion in air. If the wave travels with a speed of 300 m/s calculate the frequency of the wave <br><img src='assets/imgs/physics/phys_1990_sectionb_qst26_1.jpg'>",
        "opts": {
            "q0": "A. 360 Hz",
            "q1": "B. 300 Hz",
            "q2": "C. 250 Hz",
            "q3": "D. 150 Hz",
            "q4": "E. 100 Hz"
        },
        "ans": "C",
        "sel": ""
    },
    {
        "qs": "27. Which of the following is/are necessary for the Toduction of interference with two wave trains? I. The sources must be close to each other. II The waves must have the same frequency. III. The waves must have the same amplitude. IV. The waves must travel with the speed of light.",
        "opts": {
            "q0": "A. I, II and IV",
            "q1": "B. I, II and III only",
            "q2": "C. I and II only",
            "q3": "D. II, III and IV only",
            "q4": "E. I, II and IV only"
        },
        "ans": "B",
        "sel": ""
    },
    {
        "qs": "28. A stone is dropped into the middle of a pool of water. Which of the following statements is/are correct? I, Spherical waves are set up in the water. II. The water moves outwards to the sides of the pool. III. Energy is transmitted outwards from the centre of disturbance",
        "opts": {
            "q0": "A. I only",
            "q1": "B. II only",
            "q2": "C. III only",
            "q3": "D. I and III only",
            "q4": "E. II and III only"
        },
        "ans": "D",
        "sel": ""
    },
    {
        "qs": "29. A concave mirror of radius of curvature 20cm has a pin placed at 15cm from its pole. What will be the magnification of the image formed?",
        "opts": {
            "q0": "A. 4.00",
            "q1": "B. 2.00",
            "q2": "C. 1.33",
            "q3": "D. 1.50",
            "q4": "E. 0.25"
        },
        "ans": "B",
        "sel": ""
    },
    {
        "qs": "30. Where will the image of the object OB shown in the diagram above be located after reflection from the mirror? <br><img src='assets/imgs/physics/phys_1990_sectionb_qst30_1.jpg'>",
        "opts": {
            "q0": "A. At F",
            "q1": "B. Beyond C",
            "q2": "C. Between O and P",
            "q3": "D. Between P and F ",
            "q4": "E. Between F and C"
        },
        "ans": "D",
        "sel": ""
    },
    {
        "qs": "31. A parallel beam of light is to be obtained from the headlamp of a car. At which of the following positions should the source of light be placed from the pole of its spherical mirror?",
        "opts": {
            "q0": "A. At the focal point",
            "q1": "B. At the centre of curvature",
            "q2": "C. Beyond the centre of curvature",
            "q3": "D. Between the focal point and the pole",
            "q4": "E. Between the focal point and the centre of curvature"
        },
        "ans": "A",
        "sel": ""
    },
    {
        "qs": "32. The diagram above shows an incident ray AO inclined at an angle of 50° to the interface CB. The refracted ray OB is found to lie along the surface. What is the refractive index of the medium X with respect to air? <br><img src='assets/imgs/physics/phys_1990_sectionb_qst32_1.jpg'>",
        "opts": {
            "q0": "A. <sup>Sin 50°</sup>/<sub>Sin 40°</sub>",
            "q1": "B. <sup>Sin 40°</sup>/<sub>Sin 50°</sub>",
            "q2": "C. <sup>Sin 90°</sup>/<sub>Sin 50°</sub>",
            "q3": "D. <sup>Sin 40°</sup>/<sub>Sin 90°</sub>",
            "q4": "E. <sup>Sin 90°</sup>/<sub>Sin 40°</sub>"
        },
        "ans": "E",
        "sel": ""
    },
    {
        "qs": "33. The eye defect j illustrated by the diagram above is <br><img src='assets/imgs/physics/phys_1990_sectionb_qst33_1.jpg'>",
        "opts": {
            "q0": "A. astigmatism",
            "q1": "B. long sightedness",
            "q2": "C. loss accommodation",
            "q3": "D. short sightedness",
            "q4": "E. colour blindness"
        },
        "ans": "B",
        "sel": ""
    },
    {
        "qs": "34. A simple microscope forms an image twice the size of the object. If the focal length of the lens of the microscope is 20m, how far is the object from the lens?",
        "opts": {
            "q0": "A. 10 m",
            "q1": "B. 20 m",
            "q2": "C. 30 m",
            "q3": "D. 40 m",
            "q4": "E. 60 m"
        },
        "ans": "C",
        "sel": ""
    },
    {
        "qs": "35. Which of the following pairs of light rays shows the widest separation in the spectrum of white light?",
        "opts": {
            "q0": "A. Yellow and red",
            "q1": "B. Orange and green",
            "q2": "C. Violet and blue",
            "q3": "D. Blue and green",
            "q4": "E. Red and indigo"
        },
        "ans": "E",
        "sel": ""
    },
    {
        "qs": "36. Given that the gravitational constant is 7 x 10<sup>-11</sup> Nm<sup>2</sup>kg<sup>-2</sup>, what is the force of attraction between 10<sup>6</sup>kg mass of lead hanging one metre away from a 10<sup>3</sup>kg mass of iron?",
        "opts": {
            "q0": "A. 7 x 10<sup>20</sup> N",
            "q1": "B. 7 x 10<sup>-8</sup> N",
            "q2": "C. 7 x 10<sup>-2</sup> N",
            "q3": "D. 7 x 10<sup>3</sup> N",
            "q4": "E. 7 x 10<sup>0</sup> N"
        },
        "ans": "C",
        "sel": ""
    },
    {
        "qs": "37. Calculate the current in the 30 resistor shown in the diagram <br><img src='assets/imgs/physics/phys_1990_sectionb_qst37_1.jpg'>",
        "opts": {
            "q0": "A. 3.0 A",
            "q1": "B. 4.0 A",
            "q2": "C. 4.3 A",
            "q3": "D. 12.0 A",
            "q4": "E. 39.0 A"
        },
        "ans": "B",
        "sel": ""
    },
    {
        "qs": "38. What is the electric potential energy between two protons each of charge q and at a distance of r apart? (Permittivity of free space = £<sub>o</sub>)",
        "opts": {
            "q0": "A. 4&pi;&epsilon;<sub>o</sub>q<sup>2</sup>r",
            "q1": "B. <sup>qr</sup>/<sub>4&pi;&epsilon;<sub>o</sub></sub>",
            "q2": "C. <sup>q</sup>/<sub>4&pi;&epsilon;<sub>o</sub>r</sub>",
            "q3": "D. <sup>q<sup>2</sup></sup>/<sub>4&pi;&epsilon;<sub>o</sub>r</sub>",
            "q4": "E. <sup>q<sup>2</sup></sup>/<sub>4&pi;&epsilon;<sub>o</sub>r<sup>2</sup></sub>"
        },
        "ans": "C",
        "sel": ""
    },
    {
        "qs": "39. A work of 30 joules is done is transfering 5 millicoulombs of charge from a point B to a point A in an electric field. The potential difference between B and A is",
        "opts": {
            "q0": "A. 1.7 x 10<sup>-4</sup> V",
            "q1": "B. 3.4 x 10<sup>-4</sup> V",
            "q2": "C. 1.5 x 10<sup>-1</sup> V ",
            "q3": "D. 6.0 x 10<sup>3</sup> V",
            "q4": "E. 1.2 x 10<sup>4</sup> V"
        },
        "ans": "D",
        "sel": ""
    },
    {
        "qs": "40. What is the value of R when G shows no deflection in the circuit illustrated? <br><img src='assets/imgs/physics/phys_1990_sectionb_qst40_1.jpg'>",
        "opts": {
            "q0": "A. 800",
            "q1": "B. 750",
            "q2": "C. 450",
            "q3": "D. 200",
            "q4": "E. 100"
        },
        "ans": "D",
        "sel": ""
    },
    {
        "qs": "41. Which of the following field patterns between two unlike charges is correct?",
        "opts": {
            "q0": "A. <img src='assets/imgs/physics/phys_1990_sectionb_qst41_1.jpg'>",
            "q1": "B. <img src='assets/imgs/physics/phys_1990_sectionb_qst41_2.jpg'>",
            "q2": "C. <img src='assets/imgs/physics/phys_1990_sectionb_qst41_3.jpg'>",
            "q3": "D. <img src='assets/imgs/physics/phys_1990_sectionb_qst41_4.jpg'>",
            "q4": "E. <img src='assets/imgs/physics/phys_1990_sectionb_qst41_5.jpg'>"
        },
        "ans": "A",
        "sel": ""
    },
    {
        "qs": "42. A charge of 1.0 x 10<sup>-5</sup> coulombs experiences a force of 40 N at a certain point in space. What is the electric field intensity? ",
        "opts": {
            "q0": "A. 8.00 x 10<sup>6</sup> N/C",
            "q1": "B. 4.00 x 10<sup>6</sup> N/C ",
            "q2": "C. 4.00 x 10<sup>-4</sup> N/C ",
            "q3": "D. 2.00 x 10<sup>-4</sup> N/C",
            "q4": "E. 2.50 x 10<sup>-1</sup> N/C"
        },
        "ans": "B",
        "sel": ""
    },
    {
        "qs": "43. If the frequency of the a.c. circuit illustrated is 500/&pi; HZ what would be the reactance in the circuit? <br><img src='assets/imgs/physics/phys_1990_sectionb_qst43_1.jpg'>",
        "opts": {
            "q0": "A. (0.0009/&pi;) &ohm;",
            "q1": "B. 100 &ohm;",
            "q2": "C. 1030 &ohm;",
            "q3": "D. 1400 &ohm;",
            "q4": "E. 2500 &ohm;"
        },
        "ans": "B",
        "sel": ""
    },
    {
        "qs": "44. Calculate the resistance of the filament of a lamp rates 240 V, 40 W",
        "opts": {
            "q0": "A. 240 &ohm;",
            "q1": "B. 360 &ohm;",
            "q2": "C. 720 &ohm;",
            "q3": "D. 1440 &ohm;",
            "q4": "E. 2880 &ohm;"
        },
        "ans": "D",
        "sel": ""
    },
    {
        "qs": "45. Birds can perch safely on overhead electric power cables without being electrocuted because",
        "opts": {
            "q0": "A. birds can withstand high p.d. of the electric power cables",
            "q1": "B. any accumulated charge on the birds is quickly dissipated",
            "q2": "C. the feet of the birds are well insulated",
            "q3": "D. the current is a.c. and has particular direction",
            "q4": "E. there is no p.d between the birds and the cables"
        },
        "ans": "C",
        "sel": ""
    },
    {
        "qs": "46. A cell of e.m.f. 1.5 V and internal resistance of 2.5 &ohm; is connected in series with an ammeter of resistance 0.5 &ohm; and a resistor of resistance 7.0 &ohm;. Calculate the current in the circuit",
        "opts": {
            "q0": "A. 0.15 A",
            "q1": "B. 0.20 A",
            "q2": "C. 0.60 A",
            "q3": "D. 3.00 A",
            "q4": "E. 6.67 A"
        },
        "ans": "A",
        "sel": ""
    },
    {
        "qs": "47. A rectangular coil of wire can rotate in a magnetic field. The ends of the coil are soldered to the two halves of a split ring. Two carbon brushes are made to press lightly against the split ring and when these are connected in circuit with a battery and rheostat, the coil rotates. This is a description of",
        "opts": {
            "q0": "A. a suspended- coil vanometer",
            "q1": "B. a moving-cell ammeter",
            "q2": "C. a d.c generator",
            "q3": "D. an electric motor",
            "q4": "E. an induction coil"
        },
        "ans": "C",
        "sel": ""
    },
    {
        "qs": "48. How long will it take to heat 3 kg of water from 28°C to 88°C in an electric taking a current of 6 A from an e.m.f. source of 220V?",
        "opts": {
            "q0": "A. 96 s",
            "q1": "B. 1.20 s",
            "q2": "C. 570 s",
            "q3": "D. 600 s",
            "q4": "E. 1200 s"
        },
        "ans": "C",
        "sel": ""
    },
    {
        "qs": "49. Which of the following reduce(s) the effect of the back e.m.f. generated in the primary coil of an induction coil? The capacitor in the circuit II. The make and break contact in the circuit III. The ratio of turns in the secondary to that in the primary",
        "opts": {
            "q0": "A. I only",
            "q1": "B. II only",
            "q2": "C. I and II only",
            "q3": "D. II and III only",
            "q4": "E. I, II and III"
        },
        "ans": "C",
        "sel": ""
    },
    {
        "qs": "50. Which of the following particles conduct electricitythrough salty water?",
        "opts": {
            "q0": "A. Atom",
            "q1": "B. Molecules",
            "q2": "C. Electrons",
            "q3": "D. Neutrons",
            "q4": "E. Ions"
        },
        "ans": "E",
        "sel": ""
    },
    {
        "qs": "51. When the pressure of the gas in a discharge tube is gradually lowered. I. there is a violet glow in the tube II. the glow in the tube splits into bands which get further apart. Ill, the glow and the bands eventually disappear and there is a green fluorescence in the tube. IV. the tube breaks into pieces. Which of the following are correct?",
        "opts": {
            "q0": "A. I and II only",
            "q1": "B. I and III only",
            "q2": "C. I and IV only",
            "q3": "D. I, II and III only",
            "q4": "E. I, II III and IV"
        },
        "ans": "B",
        "sel": ""
    },
    {
        "qs": "52. Which of the following statements about the atom is/are correct? I. Energy is needed to remove electrons from an atom II. Particles in the nucleus of an atom are bound together by strong forces. III. A large amount of energy is required to separate the particles in the nucleus of an atom. IV. When the nucleus of a uranium atom is split, the energy released accounts for the difference in the masses of the products and the parent nucleus",
        "opts": {
            "q0": "A. I only",
            "q1": "B. I and II only",
            "q2": "C. I and III only",
            "q3": "D. II and IV only",
            "q4": "E. I, II, III and IV"
        },
        "ans": "D",
        "sel": ""
    },
    {
        "qs": "53. The nucleon number and the proton number of a neutral atom of an element are 238 and 92 respectively. What is the number of neutrons in the atom?",
        "opts": {
            "q0": "A. 330",
            "q1": "B. 165",
            "q2": "C. 146",
            "q3": "D. 119",
            "q4": "E. 73"
        },
        "ans": "C",
        "sel": ""
    },
    {
        "qs": "54. Water does not drip through an open umbrella of silk material unless the inside of the umbrella is touched. Which of the following phenomena is responsible for this?",
        "opts": {
            "q0": "A. Surface tension",
            "q1": "B. Hydrostatic upthrust",
            "q2": "C. Viscosity",
            "q3": "D. Diffusion",
            "q4": "E. Osmosis"
        },
        "ans": "C",
        "sel": ""
    },
    {
        "qs": "55. A radioactive substance has a half-life of 20 hours. What fraction of the original radioactive nuclei will remain after 80 hours?",
        "opts": {
            "q0": "A. <sup>1</sup>/<sub>32</sub>",
            "q1": "B. <sup>1</sup>/<sub>16</sub>",
            "q2": "C. <sup>1</sup>/<sub>8</sub>",
            "q3": "D. <sup>1</sup>/<sub>4</sub>",
            "q4": "E. <sup>1</sup>/<sub>2</sub>"
        },
        "ans": "B",
        "sel": ""
    },
    {
        "qs": "56. A metal is illuminated with a radiation of energy 6.88eV. If the kinetic energy of the emitted electrons is 1.50eV, calculate the work function of the metal.",
        "opts": {
            "q0": "A. 0.22 eV",
            "q1": "B. 4.59 eV",
            "q2": "C. 5.38 eV",
            "q3": "D. 8.38 eV",
            "q4": "E. 10.32 eV"
        },
        "ans": "C",
        "sel": ""
    },
    {
        "qs": "57. Which of the following is not crystal?",
        "opts": {
            "q0": "A. Sodium chloride",
            "q1": "B. Lead",
            "q2": "C. Copper (II) tetraoxosulphate (VI)",
            "q3": "D. Glass",
            "q4": "E. Germanium"
        },
        "ans": "B",
        "sel": ""
    },
    {
        "qs": "58. Viscosity in a liquid does not depend on the",
        "opts": {
            "q0": "A. nature of the liquid",
            "q1": "B. relative velocity between the liquid layers",
            "q2": "C. area of the surfaces in contact",
            "q3": "D. temperature of the liquid",
            "q4": "E. normal reaction between the liquid layers"
        },
        "ans": "E",
        "sel": ""
    },
    {
        "qs": "59. What is the difference between a crystalline and an amorphous solid? A crystalline solid ",
        "opts": {
            "q0": "A. has cubic structure while amorphous solid has hexagonal structure",
            "q1": "B. has regularly-repeating pattern while an amorphous solid has not",
            "q2": "C. is white while amorphous solid is yellow",
            "q3": "D. is always hard while amorphous solid is always soft",
            "q4": "E. melts on heating while an amorphous solid sublimates on heating"
        },
        "ans": "B",
        "sel": ""
    },
    {
        "qs": "60. Which of the following is not an evidence of the particle nature of matter?",
        "opts": {
            "q0": "A. Diffusion",
            "q1": "B. Brownian motion",
            "q2": "C. Diffraction",
            "q3": "D. Crystal structure",
            "q4": "E. Photoelectricity"
        },
        "ans": "C",
        "sel": ""
    }
]